model,data,channel,seed,certified,dsr,n_queries,n_distinct,nV,span_cert,sr_train,sr_val,sr_test,t_val,t_test,n_signals,parse_fail
qwen7b,actual,naive,0,False,0.6758706000064821,40.0,14.0,0.07920091374407372,False,0.6906639390688473,0.26196118818322434,-0.18526203995382484,0.9435048598680882,-0.6840892235237703,4.0,0
qwen7b,actual,naive,1,False,0.6905659738807889,40.0,11.0,1.7567998535802953,False,0.5527241134214275,0.7361826892987638,0.3279701076573001,2.6515070798133724,1.2110458048621835,2.0,0
qwen7b,actual,naive,2,,,,,,,,,,,,,40
qwen7b,actual,naive,3,False,0.46662455845963524,40.0,20.0,0.5110631183408149,False,0.16586929296362668,0.35395122916166616,-0.37893873519550797,1.274825126524989,-1.3992499768845537,2.0,0
qwen7b,actual,naive,4,False,0.622847097057794,40.0,13.0,0.16311247139107385,False,0.4545993028238318,0.2783594667164722,-0.09402632005600253,1.0025664926118227,-0.3471968261492757,4.0,0
qwen7b,actual,naive,5,False,0.7240410366161039,40.0,38.0,0.9848399975568219,False,0.342833162512584,0.7615521634737863,0.4303337772166425,2.7428802421601928,1.5890287054248016,1.0,0
qwen7b,actual,naive,6,False,0.816239037031137,40.0,26.0,1.0627654320182098,False,0.4392858544320227,0.8270486612034911,0.2691254560433722,2.9787787901126217,0.9937590253301651,2.0,0
qwen7b,actual,naive,7,False,0.8121776255640949,40.0,30.0,0.507116989988687,False,0.3303800326591955,0.6568297405182418,0.2577993660361599,2.365701791867742,0.9519368791391518,10.0,0
qwen7b,null,naive,0,False,0.20559069531564383,40.0,32.0,1.2459602604841085,False,-0.179299735277042,0.42204273197570474,0.0015936721194315562,1.52007009684415,0.005884712934204666,1.0,0
qwen7b,null,naive,1,False,0.15269206737922858,40.0,11.0,0.3526298946807461,False,0.05018484623808094,-0.017179415066199372,0.21791035258566066,-0.06187504995325165,0.8046447288136859,2.0,0
qwen7b,null,naive,2,False,0.20308684302554691,40.0,11.0,0.16452124842968913,False,0.48592676636530135,-0.04779267794193325,-0.24400244538032362,-0.1721347510180979,-0.9009910688651068,1.0,0
qwen7b,null,naive,3,False,0.42159550642023863,40.0,15.0,0.5747473116837905,False,-0.11295615467611488,0.3175591005231029,0.17530325935202373,1.143751701222714,0.6473159347765035,2.0,0
qwen7b,null,naive,4,True,0.950424231136883,40.0,11.0,0.36839167347610724,False,0.11238053756254887,0.7320301123791072,0.1492053057034411,2.636550755436298,0.5509479532328043,4.0,0
qwen7b,null,naive,5,False,0.3387187751525774,22.0,17.0,0.8674275626441379,False,0.003982488690849569,0.35757864711994325,0.18298975532910422,1.2878899873776333,0.6756987004304397,9.0,18
qwen7b,null,naive,6,False,0.3178436374911344,40.0,17.0,0.6824753613763587,False,-0.046732316253552,0.2875860242976935,0.2164409725187511,1.0357977585795364,0.7992189704160995,1.0,0
qwen7b,null,naive,7,False,0.45184106393587514,40.0,16.0,0.6760938562641408,False,-0.04991387271114762,0.37743707793975684,-0.19019284061098451,1.359414040684123,-0.7022964482404344,2.0,0
qwen7b,null,naive,8,False,0.1624952996215167,38.0,17.0,0.5330539507737843,False,-0.18347436445929852,0.09688396272523751,0.01032449331989844,0.3489466905708367,0.03812370100343301,1.0,2
qwen7b,null,naive,9,False,0.5807261818917344,40.0,32.0,0.18503200081048607,False,0.37843916376370923,0.3078831879340924,0.3814613142241225,1.1089019946127223,1.4085647244140118,2.0,0
qwen7b,null,naive,10,False,0.612678529306756,40.0,21.0,0.10555103133388216,False,0.03230558283958758,0.25363878252619665,0.3199426617907198,0.9135300752915761,1.1814040649184976,3.0,0
qwen7b,null,naive,11,False,0.7397204677296336,40.0,14.0,0.6277629443479067,False,-0.12145179063090972,0.561703899702605,0.06719805880735623,2.023087323934362,0.2481321477583132,6.0,0
qwen7b,null,naive,12,False,0.7864183458231696,40.0,29.0,0.46892533237055367,False,0.34766004932411143,0.6123443501200351,0.07213071444041101,2.2054788889067103,0.266346222064996,3.0,0
qwen7b,null,naive,13,False,0.7133400193414302,40.0,14.0,0.16580931965669307,False,-0.007867100850895675,0.35404587820490063,0.2896748116460167,1.2751660237124425,1.0696385348164619,5.0,0
qwen7b,null,naive,14,False,0.3609223410417163,38.0,16.0,0.10750555351086119,False,0.10525477578984495,0.06501440697709367,-0.01936680855597513,0.2341622030719505,-0.07151289616854407,2.0,2
qwen7b,null,naive,15,False,0.48926298930781903,40.0,30.0,0.18228746740526738,False,0.0010350874750542935,0.23828525960334937,-0.036096831137898105,0.8582313358322391,-0.13328933002652907,3.0,0
qwen7b,null,naive,16,False,0.2778448300263013,40.0,17.0,0.12370321596827813,False,0.06187226408651628,0.014897992345292555,0.014675081682706956,0.05365805628515337,0.054188463195013234,5.0,0
qwen7b,null,naive,17,False,0.8255338604869585,40.0,14.0,0.06652730102126844,False,-0.00754693341316384,0.3855128163194376,0.18612052817958544,1.3885004044355456,0.6872592336559661,3.0,0
qwen7b,null,naive,18,False,0.5408479033698288,40.0,27.0,1.2559999168606877,False,-0.3103016555351113,0.6599793361132885,0.0968445632092115,2.377045681285693,0.3576033280471304,1.0,0
qwen7b,null,naive,19,False,0.4935338349923377,40.0,34.0,0.5137236035886338,False,-0.12734681620495017,0.41837124970521367,-0.41487284522503476,1.5068465296846327,-1.531938451189617,1.0,0
qwen7b,null,naive,20,False,0.4202717683730446,40.0,20.0,0.24717694153334285,False,-0.044256844367398566,0.2066351606621453,0.20878959022770022,0.7442372652852488,0.7709658637803682,2.0,0
qwen7b,null,naive,21,False,0.7206153523887522,40.0,25.0,0.5052529840828035,False,0.030687466893850983,0.5571213411302587,-0.042084946179064386,2.006582335872486,-0.15540074027497203,5.0,0
qwen7b,null,naive,22,False,0.06584872582035005,40.0,13.0,0.7146841053217772,False,-0.0755465299547633,-0.01857740316202944,-0.40873321341262236,-0.06691017966693599,-1.5092675577873755,4.0,0
qwen7b,null,naive,23,False,0.5783262820856075,40.0,13.0,1.5140878507335531,False,-0.09972293162485694,0.6367772573553506,0.5267755130017021,2.293478820793959,1.9451445733323867,2.0,0
qwen7b,actual,verdict,0,False,,40.0,10.0,0.12580089004040937,False,0.7924719626307921,0.10971299198253126,-0.12258736091048723,0.3951529684381535,-0.4526598787316876,3.0,0
qwen7b,actual,verdict,1,False,,40.0,24.0,0.2692805294819377,False,1.0596742994893589,0.12880460502344374,-0.08648136838410427,0.4639151763505065,-0.31933671982614714,7.0,0
qwen7b,actual,verdict,2,False,,40.0,18.0,0.5861415965682787,False,0.5793270244036088,0.0051697552426698745,-0.5259851903551207,0.01861989262461253,-1.9422262679646607,2.0,0
qwen7b,actual,verdict,3,False,,40.0,14.0,0.38806045871800554,False,1.3240574374109393,-0.19135638332346083,-0.20488683211057931,-0.6892077367819329,-0.7565547368673331,2.0,0
qwen7b,actual,verdict,4,False,,38.0,28.0,0.3347382612566588,False,1.147534515917847,0.0359534129290381,-0.4475430843223589,0.12949330419002864,-1.6525749210352196,2.0,2
qwen7b,actual,verdict,5,False,,40.0,26.0,0.08184182485931438,False,2.415015266387358,0.0372224899417632,-0.25859098489557336,0.13406413522556174,-0.9548599708367167,12.0,0
qwen7b,actual,verdict,6,False,,36.0,32.0,0.5869562227887201,False,1.8340496585294512,-0.3937362158146686,0.05726959504410914,-1.4181185988031801,0.2114708054332668,1.0,4
qwen7b,actual,verdict,7,False,,40.0,14.0,0.08640201115014152,False,0.7838775443520619,0.021227384806102513,-0.19533724963770288,0.07645461095114363,-0.7212924324013211,4.0,0
qwen7b,null,verdict,0,False,,40.0,12.0,0.6476012642002379,False,0.3515397756504067,-0.7041496391188208,-0.04129120420255225,-2.5361337348885686,-0.15246980886276396,2.0,0
qwen7b,null,verdict,1,False,,40.0,36.0,0.7403819085461804,False,0.3526359200684962,0.07706697964471165,-0.24443860295406067,0.27757191946801885,-0.9026016022265346,3.0,0
qwen7b,null,verdict,2,False,,40.0,23.0,0.08344423965823097,False,0.21527619933003686,-0.2682475826894808,-0.3739561566731302,-0.9661465489245317,-1.380851559845806,3.0,0
qwen7b,null,verdict,3,False,,40.0,18.0,0.5397848855198012,False,0.23622334162287717,-0.40032852813091785,-0.08745313489849149,-1.441862111158144,-0.3229250156283484,2.0,0
qwen7b,null,verdict,4,False,,40.0,16.0,0.1601347302729291,False,0.21448335367884797,0.5417532478584873,0.10886821272036729,1.9512311184292335,0.40200124712466295,2.0,0
qwen7b,null,verdict,5,False,,40.0,23.0,0.5038784592978266,False,0.2318871069991854,0.22573267749034687,0.01684504174999103,0.8130207368513419,0.06220114781122461,2.0,0
qwen7b,null,verdict,6,False,,40.0,22.0,0.5352851845258461,False,0.4025647746554575,-0.0073670702493098435,-0.43899272188157584,-0.026533955779555328,-1.62100228584012,2.0,0
qwen7b,null,verdict,7,False,,40.0,14.0,0.24256478260970712,False,0.174949704656811,0.4067010887763578,-0.6131785749461962,1.4648141445508591,-2.264192142766564,2.0,0
qwen7b,null,verdict,8,False,,40.0,16.0,1.0626735070054592,False,0.41811324836041447,0.5363063153852604,0.11365276412133285,1.9316129173685928,0.4196684392467614,2.0,0
qwen7b,null,verdict,9,False,,40.0,17.0,0.914333900998408,False,0.5047329500653817,0.020548627025324204,0.3885309284812243,0.07400993099958648,1.4346696238794325,2.0,0
qwen7b,null,verdict,10,False,,40.0,28.0,0.9604129407382086,False,0.5018050836938901,-0.3152715670657803,0.5693738923743293,-1.1355126985328,2.1024411910078413,2.0,0
qwen7b,null,verdict,11,False,,28.0,16.0,0.2741750789636809,False,0.4054201523211929,-0.3675069891468875,0.2244361588039782,-1.323648868369968,0.8287415902639221,1.0,12
qwen7b,null,verdict,12,False,,40.0,34.0,0.5166540038731959,False,0.42177587186594795,0.449057426580848,0.3828604350711756,1.6173688448937176,1.413731047175626,8.0,0
qwen7b,null,verdict,13,False,,40.0,20.0,0.9989400931754975,False,0.3475660553804721,-0.3768701141594321,0.13894778533849345,-1.3573720088632437,0.5130715531700325,2.0,0
qwen7b,null,verdict,14,False,,40.0,31.0,0.5047068469551692,False,0.12696984968077066,-0.1410726596824219,-0.032681480775184214,-0.5081009936166022,-0.12067798029577524,2.0,0
qwen7b,null,verdict,15,False,,40.0,36.0,0.0996448221131104,False,0.24689669074121656,0.1478264466162544,0.31277037405878383,0.5324260886384173,1.154920038581251,3.0,0
qwen7b,null,verdict,16,False,,40.0,22.0,0.43081977614176536,False,0.33566826384131904,-0.13970453197305735,-0.3940910214689546,-0.5031734119711762,-1.4552005415765734,5.0,0
qwen7b,null,verdict,17,False,,40.0,39.0,0.2386975962929244,False,0.3021632657870473,0.12951027710650714,0.02397279327239757,0.4664567934673821,0.08852072199732756,1.0,0
qwen7b,null,verdict,18,False,,40.0,23.0,0.8077890347668952,False,0.25548645341015436,-0.08449040307382702,-0.012238995815311755,-0.30430884233359284,-0.0451930959310072,2.0,0
qwen7b,null,verdict,19,False,,40.0,25.0,0.18109559513172996,False,0.2387959878420534,-0.10805744673864591,0.18051261836051105,-0.389190195883294,0.6665517499497622,1.0,0
qwen7b,null,verdict,20,False,,40.0,36.0,0.7053847335414755,False,0.3659334991912381,-0.07882961258359292,-0.05164525390040403,-0.2839203894666923,-0.19070264825012773,1.0,0
qwen7b,null,verdict,21,False,,2.0,2.0,0.0004338197681057559,False,0.014319808984733402,-0.07062497529278705,0.22549192157079376,-0.25436977087690377,0.8326400463726651,2.0,38
qwen7b,null,verdict,22,False,,40.0,23.0,2.1909124435222163,False,0.30615275335289904,-0.47996763339249354,-0.3256354655536177,-1.7286980480805538,-1.2024250237010128,2.0,0
qwen7b,null,verdict,23,False,,40.0,38.0,0.5886976209919099,False,0.579242381053403,-0.4102931123400265,0.10959969609639478,-1.4777515255139952,0.4047022855826866,3.0,0
qwen72b,actual,naive,0,False,0.846956853509903,40.0,24.0,0.20548716976277615,False,0.7717797707146652,0.5350435863815026,0.04964936600187531,1.9270649499387438,0.18333273370592154,9.0,0
qwen72b,actual,naive,1,False,0.8993877265820529,40.0,35.0,0.11083697806826123,False,1.5439405695448498,0.5561851705275708,0.2851487368237828,2.0032105328988186,1.0529257802147949,9.0,0
qwen72b,actual,naive,2,False,0.7141345643551966,40.0,29.0,0.02775135626495068,False,0.4468449955018866,0.2529441679518784,-0.00017157593155560193,0.9110282839722221,-0.0006335525929785384,5.0,0
qwen72b,actual,naive,3,False,0.8414778259172693,40.0,38.0,0.020927418618984846,False,0.6876867167448766,0.3679873360382814,-0.09914420382577582,1.3253789323905039,-0.366094864490113,7.0,0
qwen72b,actual,naive,4,False,0.4776205361040465,40.0,31.0,0.21625560520043716,False,0.27692113660232204,0.2538604118628487,-0.580155119132596,0.9143283170375033,-2.142251402768084,1.0,0
qwen72b,actual,naive,5,False,0.7058678318664094,40.0,38.0,1.1231295263969765,False,0.48426195730946286,0.7892741654510242,0.39874445369764416,2.842726497142448,1.4723835696855057,4.0,0
qwen72b,actual,naive,6,False,0.5387088419123138,40.0,22.0,0.0919473513053871,False,1.0727726844141452,0.19055535015142125,0.18420638324059227,0.6863226579044991,0.6801911590231154,5.0,0
qwen72b,actual,naive,7,False,0.8735037719597525,40.0,16.0,0.22036194042892251,False,-0.014441771293130795,0.5540267521299452,0.07663128466827249,1.995436563548962,0.28296479969352323,4.0,0
qwen72b,null,naive,0,False,0.27175651253608946,40.0,28.0,0.28110333726541514,False,0.3617822831056832,0.13229150124538225,-0.17495921501570275,0.47647392046856113,-0.6460455340891839,5.0,0
qwen72b,null,naive,1,False,0.5462526042831006,40.0,34.0,0.17053366870766978,False,0.03760217494626985,0.27600101668763843,-0.19304352953663664,0.9940720699097686,-0.7128227577539388,15.0,0
qwen72b,null,naive,2,False,0.7715666452787049,40.0,30.0,0.2877615247607912,False,0.32724220058913367,0.515787831583073,-0.0031239793570748096,1.8577115531292916,-0.011535447915926249,8.0,0
qwen72b,null,naive,3,False,0.3096086345711918,40.0,20.0,0.4777573530505614,False,-0.04147298777143862,0.2267619086155955,0.19617997125547268,0.8167277156421099,0.7244042235555723,3.0,0
qwen72b,null,naive,4,False,0.9199554522830042,40.0,36.0,0.12531985201807336,False,0.3563214812575271,0.6039298385148093,0.17019597273209286,2.175172366600841,0.6284570269343321,8.0,0
qwen72b,null,naive,5,False,0.5539088108863759,40.0,36.0,0.0650371181782254,False,0.08991536026917356,0.18976122626382697,0.024772711480493433,0.683462464177028,0.0914744594493993,5.0,0
qwen72b,null,naive,6,False,0.5036053489037718,40.0,32.0,0.0872513976170584,False,0.09952360310488341,0.17473169699100738,-0.19703151296422577,0.6293306517174025,-0.7275485833309705,5.0,0
qwen72b,null,naive,7,False,0.8801201662448305,40.0,34.0,0.19267922550478947,False,0.11113361447011735,0.590030097026115,-0.31642960882514554,2.1251097075617453,-1.1684319435059485,15.0,0
qwen72b,null,naive,8,False,0.1348234193802067,40.0,25.0,0.20524999117580608,False,0.24751016951540297,-0.05551046236531132,0.3561379579179013,-0.1999318730321358,1.3150569817763063,5.0,0
qwen72b,null,naive,9,False,0.6457814831810602,40.0,35.0,0.4934648240093126,False,-0.11587074407401653,0.5191882818509219,-0.10840965060633624,1.8699589451025302,-0.4003079838927397,3.0,0
qwen72b,null,naive,10,False,0.6649833974231585,40.0,23.0,0.5202748557941054,False,0.11988250522741017,0.5124090734388528,-0.10870589492983306,1.845542289615489,-0.4014018806742108,7.0,0
qwen72b,null,naive,11,True,0.9873762168446721,40.0,37.0,0.11496511038456306,False,0.08012520848026883,0.8300575164078698,0.17472830569262782,2.9896157752693133,0.6451928900204577,10.0,0
qwen72b,null,naive,12,False,0.34965421270485936,40.0,26.0,0.8440642880793433,False,0.3395541193733923,0.4069374162367939,0.42163472534334706,1.4656653244870481,1.556907027163681,7.0,0
qwen72b,null,naive,13,False,0.2928860213337394,40.0,34.0,0.7247530797903668,False,-0.24957096659253675,0.3496230619338173,0.017601980353593935,1.2592363790386976,0.0649961809530541,2.0,0
qwen72b,null,naive,14,False,0.46441750261855247,40.0,19.0,0.05256283477103235,False,0.2332498264281005,0.09468103668193903,0.010740598356504672,0.34101241816125993,0.03966018938209512,11.0,0
qwen72b,null,naive,15,False,0.44060659445467276,40.0,23.0,0.49373636695650747,False,-0.04479586234512572,0.34092181586662385,-0.09316970831993028,1.2278971260438492,-0.34403374504784195,3.0,0
qwen72b,null,naive,16,False,0.5181596419028922,40.0,29.0,0.07647347130517512,False,-0.009341104405971344,0.1707499081424118,0.13811916133786398,0.6149894542458487,0.510011818162661,7.0,0
qwen72b,null,naive,17,False,0.8846412992713261,40.0,31.0,0.185366652083438,False,0.14150418960480105,0.5869285103029273,0.027944064540936595,2.113938731559822,0.10318483710247398,19.0,0
qwen72b,null,naive,18,False,0.1280877460176031,40.0,32.0,0.6512872172408363,False,-0.03230663828432606,0.15493067927468754,-0.16564536777922517,0.5580133830210381,-0.6116536936149614,4.0,0
qwen72b,null,naive,19,False,0.3940172425108722,40.0,37.0,0.32095981492501835,False,0.24227331349878922,0.26530579723207115,0.07643104869330537,0.9555511286830648,0.2822254184761356,2.0,0
qwen72b,null,naive,20,False,0.3064074870698209,40.0,30.0,0.1692121286820673,False,-0.13412423658515468,0.09615470223021937,-0.26202758568199297,0.34632011513830285,-0.9675497888055187,5.0,0
qwen72b,null,naive,21,False,0.4025830274305635,39.0,37.0,0.6223970921087374,False,-0.026197384480551734,0.40396286551037724,0.14847061715709892,1.4549518936702077,0.5482350795252477,3.0,1
qwen72b,null,naive,22,False,0.559088629039745,40.0,19.0,0.2615835314889612,False,0.0896181827645945,0.3079384575877427,0.29249475929946184,1.1091010591656965,1.0800513306655402,10.0,0
qwen72b,null,naive,23,False,0.6989753250572244,40.0,25.0,0.1517799625598262,False,0.17427741673571268,0.3603600608998889,0.1527869504172905,1.297907797408512,0.5641733530602376,6.0,0
qwen72b,actual,verdict,0,False,,40.0,22.0,0.1989674079648824,False,1.4814092111736392,0.1768999075841977,0.16835904976362898,0.6371398895899293,0.6216740982378617,10.0,0
qwen72b,actual,verdict,1,False,,40.0,30.0,0.3176470554305599,False,1.1424264801364439,0.17993611420897335,-0.38562298503331655,0.6480753862789879,-1.42393189921751,3.0,0
qwen72b,actual,verdict,2,False,,39.0,33.0,0.6654259450707275,False,1.366990252440035,0.19910587879766808,-0.017692624376513377,0.717119072396758,-0.06533088848014107,2.0,1
qwen72b,actual,verdict,3,False,,40.0,31.0,1.0044190324216717,False,1.1144067176201482,0.1818373579023335,0.11786383266004717,0.6549230902343699,0.43521801760384127,4.0,0
qwen72b,actual,verdict,4,False,,40.0,34.0,0.3736156289306831,False,1.4823366824366797,0.3251343743296802,0.19942885969161722,1.171035543157108,0.7364009044090889,11.0,0
qwen72b,actual,verdict,5,False,,40.0,33.0,0.40588813215462155,False,1.4627023235406387,-0.1031642823932535,-0.2814297006749357,-0.3715664998998191,-1.0391930557346167,3.0,0
qwen72b,actual,verdict,6,False,,40.0,23.0,0.32830029826625184,False,1.1896429169042722,0.18823107923414611,0.001890717049451824,0.6779513380104799,0.0069815659947662645,3.0,0
qwen72b,actual,verdict,7,False,,40.0,27.0,0.5202488266980071,False,1.0289519798043272,0.44639719745928347,0.3600813229616053,1.6077875052992308,1.3296180517693312,6.0,0
qwen72b,null,verdict,0,False,,40.0,33.0,1.2164947525695433,False,0.32000264257505867,-0.35188407100798264,-0.0875855608081021,-1.2673798489338972,-0.32341400483359806,2.0,0
qwen72b,null,verdict,1,False,,40.0,37.0,0.26707640868127586,False,0.40275402993331394,0.09032195741961059,-0.32197212541813897,0.3253123348890752,-1.1888979594982882,3.0,0
qwen72b,null,verdict,2,False,,40.0,32.0,0.9723321399452824,False,0.47062980401838755,-0.32052683251022607,0.02463119001106391,-1.1544405730058052,0.09095188444073529,4.0,0
qwen72b,null,verdict,3,False,,40.0,39.0,1.2731861781291156,False,0.16317068513138105,0.13797358405532428,-0.10892301885008346,0.49693906182226244,-0.40220362146282324,1.0,0
qwen72b,null,verdict,4,False,,40.0,31.0,0.8123388986265007,False,0.30395527671425765,0.5317707578606504,0.45525021790522674,1.9152772128454947,1.6810338920668035,10.0,0
qwen72b,null,verdict,5,False,,40.0,26.0,0.29829833224498625,False,0.20852870856403516,0.07645895895933044,-0.17253035689093815,0.27538201310999666,-0.6370768556214645,5.0,0
qwen72b,null,verdict,6,False,,22.0,22.0,1.060303280095482,False,0.3141884742464126,0.07351556523849356,-0.4060152661045093,0.2647808003907582,-1.4992314032462235,4.0,18
qwen72b,null,verdict,7,False,,40.0,21.0,0.16670714371223008,False,0.3052347514683526,0.08451500644203357,-0.147774473387222,0.30439745621427106,-0.5456645343066228,4.0,0
qwen72b,null,verdict,8,False,,38.0,25.0,0.3791863881892599,False,0.25433703238823263,-0.26627137228861036,-0.3822937052645745,-0.9590288375938022,-1.4116383694017973,10.0,2
qwen72b,null,verdict,9,False,,1.0,1.0,,False,-0.010690139945884513,0.43672204586885915,0.06623865384589137,1.5729405395756635,0.24458949760020776,1.0,39
qwen72b,null,verdict,10,False,,40.0,40.0,0.5983481136984207,False,0.2492023902409422,0.4396050890476804,0.16353151970805085,1.58332438792088,0.6038482053130013,1.0,0
qwen72b,null,verdict,11,False,,17.0,16.0,1.1200269926636952,False,0.35134772200524383,0.1837846386139374,0.01077393194092115,0.6619366055862724,0.03978327528726175,2.0,23
qwen72b,null,verdict,12,False,,40.0,27.0,0.5851193457186585,False,0.5621600221675623,-0.23187392296850917,0.6114630515313598,-0.835139643069756,2.257857487911825,4.0,0
qwen72b,null,verdict,13,False,,22.0,22.0,1.2401256145303894,False,0.27087743349109705,-0.30447615975376446,-0.2507195691267347,-1.0966309109909813,-0.925794379727606,2.0,18
qwen72b,null,verdict,14,False,,40.0,21.0,0.32249985153837285,False,0.5018310119477518,-0.16154460685411776,0.20125112661282932,-0.581834747007383,0.7431297149279396,5.0,0
qwen72b,null,verdict,15,False,,40.0,40.0,0.20548662827316586,False,0.24331360917266945,0.04531953464987607,0.12276353799965244,0.16322723791896643,0.4533104213261648,2.0,0
qwen72b,null,verdict,16,False,,14.0,14.0,1.0291320879074608,False,0.2674368695011695,-0.061331745254035924,-0.05193245235603642,-0.22089837091019948,-0.19176314271817826,1.0,26
qwen72b,null,verdict,17,False,,40.0,34.0,0.2965773208774463,False,0.28296662294763714,0.2096026750485341,0.21197418348367614,0.7549253533363992,0.7827251315087306,4.0,0
qwen72b,null,verdict,18,False,,9.0,8.0,1.0158713956677492,False,0.18128524144074898,-0.1785829706960197,0.14629382573516508,-0.6432017731707828,0.5401971697949269,1.0,31
qwen72b,null,verdict,19,False,,40.0,33.0,0.5044076661661473,False,0.21853061627206194,0.10517627740468527,0.39712390355875105,0.37881309655973533,1.4663996083382538,10.0,0
qwen72b,null,verdict,20,False,,40.0,39.0,0.39148383224804345,False,0.38533405004792015,0.17120654793194529,-0.08995547263540364,0.6166341324656337,-0.33216502118947205,3.0,0
qwen72b,null,verdict,21,False,,40.0,38.0,0.6949822964254643,False,0.22681767106497452,-0.3274462968545993,0.11603610378015865,-1.1793623878818082,0.42846903853307994,1.0,0
qwen72b,null,verdict,22,False,,12.0,10.0,0.6144592698641708,False,0.3404206948164629,-0.042249028521563786,0.10978210832873937,-0.15216820480643106,0.40537585175100127,2.0,28
qwen72b,null,verdict,23,False,,3.0,3.0,2.9109692349311587,False,0.3838984482559573,-0.1750754091819485,-0.5266728113516804,-0.630568598929346,-1.9447653424222908,1.0,37
qwen72b_batch,actual,naive,0,True,0.9917584327205032,29.0,23.0,0.21264739221311255,False,0.22014704670909982,0.9174134037894212,-0.17039402107102147,3.304245224212472,-0.6291883301977077,20.0,0
qwen72b_batch,actual,naive,1,False,0.5750233686810855,62.0,18.0,0.42083944351372227,False,0.6851269621040893,0.3862785444676529,-0.3343623960931385,1.3912583253099677,-1.2346496453127291,2.0,0
qwen72b_batch,actual,naive,2,False,0.6472566704557585,60.0,23.0,1.8644111266799641,False,0.5318921674294792,0.8488490664104679,0.2715272103435102,3.057297246997501,1.0026276215881238,2.0,0
qwen72b_batch,actual,naive,3,False,0.8325346207555522,39.0,38.0,0.6214921383590024,False,-0.06874637339763162,0.7420810493980246,-0.168454007625239,2.6727511864594766,-0.6220247348271623,20.0,0
qwen72b_batch,actual,naive,4,False,0.775661471828953,29.0,25.0,0.7591377348419276,False,0.7158865405573847,0.6937841117580777,-0.17180656742103348,2.49880024473385,-0.6344042272914237,9.0,0
qwen72b_batch,actual,naive,5,False,0.45805888434242714,183.0,80.0,0.9872799741568515,False,0.22712077305354544,0.6458071036679032,-0.25881489598375657,2.326001592349707,-0.955686773577806,1.0,0
qwen72b_batch,actual,naive,6,False,0.8004891697406393,73.0,56.0,0.12059953151184903,False,0.16533300497005018,0.45793754459315655,0.22182126021562862,1.6493523404600727,0.8190859482050129,3.0,0
qwen72b_batch,actual,naive,7,False,0.8234392308165637,27.0,22.0,0.13108746944550018,False,-0.07732216635156687,0.45292316916159486,-0.23680090001788603,1.6312920788553171,-0.8743990072836354,10.0,0
qwen72b_batch,null,naive,0,False,0.2644577566624351,75.0,46.0,2.101761491507131,False,-0.10320123848255591,0.7293450894248922,-0.2492124725396586,2.626880115965892,-0.9202293512183378,5.0,0
qwen72b_batch,null,naive,1,False,0.43441072292211236,55.0,40.0,0.21747503195419465,False,0.17355370259215308,0.2375912517832801,0.017546007099681918,0.8557317298579228,0.06478949695121371,2.0,0
qwen72b_batch,null,naive,2,False,0.7182087121443226,30.0,24.0,0.39297486453882485,False,-0.04262806401856783,0.5032169061217182,0.06104893540253428,1.8124348869632647,0.2254262061827754,5.0,0
qwen72b_batch,null,naive,3,False,0.21842245932766813,74.0,58.0,1.5124684600030536,False,-0.22231257967158483,0.5798091301659047,0.29304336410210896,2.0882968805470274,1.082077080967965,3.0,0
qwen72b_batch,null,naive,4,False,0.4557723428921761,102.0,84.0,1.1331064732104947,False,-0.019411264230879764,0.6989290829608582,0.013012909694763233,2.517330872753103,0.04805081111648278,2.0,0
qwen72b_batch,null,naive,5,False,0.42111331020721426,47.0,40.0,0.4446381757006038,False,-0.2404713219179505,0.34987284735738006,0.1463276376504107,1.2601360304820663,0.5403220219602816,2.0,0
qwen72b_batch,null,naive,6,False,0.24811460647575617,32.0,26.0,0.7725296779871915,False,0.07173428393672494,0.30020092743777804,0.1424326439953288,1.0812328190248655,0.5259395657064309,3.0,0
qwen72b_batch,null,naive,7,False,0.6506322306416268,85.0,21.0,0.2763912645690629,False,0.018827373808603942,0.38907136046831975,0.032463090171445504,1.4013172026865028,0.1198715622158829,2.0,0
qwen72b_batch,null,naive,8,False,0.42591066132418803,171.0,42.0,0.6401502194504629,False,0.045958694834263514,0.438814762813247,0.06658922398410762,1.5804778721899024,0.2458839951330145,1.0,0
qwen72b_batch,null,naive,9,False,0.6074961801107557,299.0,60.0,0.890123008754684,False,0.11620958277173947,0.6909747326343525,0.08380653614516545,2.488681712004518,0.30945976980525736,1.0,0
qwen72b_batch,null,naive,10,False,0.6661270422748513,60.0,26.0,0.5542010156330112,False,-0.28653051724582995,0.5342334961363043,-0.10825418215273973,1.9241472502269004,-0.3997339089568824,2.0,0
qwen72b_batch,null,naive,11,False,0.46633106062811613,61.0,35.0,1.3977656963597505,False,-0.11667793938135275,0.6780356453962318,0.17115774942408957,2.4420790386234326,0.6320084348244496,4.0,0
qwen72b_batch,null,naive,12,False,0.414735088025683,54.0,20.0,0.7977699389407961,False,0.16981140615655313,0.4116230214553627,0.19263732125871122,1.482541455358965,0.7113228136450204,1.0,0
qwen72b_batch,null,naive,13,False,0.5165650461680434,255.0,33.0,0.8382887870382156,False,0.35051163748516506,0.548543602642601,0.04782038951598334,1.9756879197724875,0.1765791477884345,1.0,0
qwen72b_batch,null,naive,14,False,0.5076588362089307,117.0,31.0,0.8248761295513812,False,0.3987601592560309,0.5315760663962544,-0.3850315168656565,1.9145759931567832,-1.4217478738248586,2.0,0
qwen72b_batch,null,naive,15,False,0.5510052831575357,82.0,76.0,0.5676686606851189,False,-0.1850688832371238,0.5444227006665621,0.39447141969079913,1.96084567894896,1.4566051807799218,5.0,0
qwen72b_batch,null,naive,16,False,0.39573723153201723,67.0,29.0,0.5091053213704646,False,0.23329089217085072,0.3341520592269694,0.10688853686394334,1.203514512978395,0.39469119634584526,2.0,0
qwen72b_batch,null,naive,17,False,0.566696862426574,56.0,22.0,0.33852011111816,False,-0.3045245532337343,0.3609644181635742,-0.050017957911576094,1.3000845092311233,-0.18469377751914523,3.0,0
qwen72b_batch,null,naive,18,False,0.15121396610616433,52.0,34.0,1.065226446086792,False,-0.05689517859047179,0.3209985889081129,-0.14958441278605608,1.1561396966705244,-0.5523478248408417,2.0,0
qwen72b_batch,null,naive,19,False,0.6123187276462416,137.0,10.0,1.0254337344068425,False,0.12265882247127785,0.5196804625402427,0.20306633607866142,1.8717316308791065,0.7498324654445786,1.0,0
qwen72b_batch,null,naive,20,False,0.8602983887818225,132.0,15.0,0.9040955758829388,False,-0.0546129903368147,0.767414377944216,0.03906984062726497,2.763994163198644,0.14426731425695583,1.0,0
qwen72b_batch,null,naive,21,False,0.4729420040205006,114.0,20.0,0.8224314981412459,False,-0.1103139148254583,0.4597658097004105,-0.3029855824884679,1.655937197651264,-1.1187892129175172,3.0,0
qwen72b_batch,null,naive,22,False,0.5088473767523372,29.0,26.0,0.5972602356682586,False,0.10563764021480333,0.4382502903057896,0.12916228616258488,1.5784448131793614,0.4769381146377337,12.0,0
qwen72b_batch,null,naive,23,False,0.36019899510086184,42.0,31.0,0.7981305166661502,False,0.19108947268693877,0.41834755861517436,0.17033318725809848,1.506761201553612,0.6289636983418949,1.0,0
qwen72b_batch,actual,verdict,0,False,,60.0,41.0,0.2314163094655435,False,1.1196926364897213,0.17776855541438047,-0.12215811211817029,0.6402684959875994,-0.4510748563865391,2.0,0
qwen72b_batch,actual,verdict,1,False,,29.0,29.0,0.5956599919114659,False,1.05253547345312,-0.0024711298141768586,0.13207267044041182,-0.008900261161626918,0.4876848521845656,8.0,0
qwen72b_batch,actual,verdict,2,False,,60.0,54.0,1.263458349416898,False,2.07608854161439,0.036905060501732284,0.1740909294259441,0.1329208505221617,0.6428393467070146,3.0,0
qwen72b_batch,actual,verdict,3,False,,90.0,90.0,0.6631328355821489,False,0.7578007475333639,0.06615855575268631,-0.007940093699756904,0.2382830804342441,-0.029319187757656667,1.0,0
qwen72b_batch,actual,verdict,4,False,,29.0,27.0,0.5221654389360341,False,1.1706562590221583,0.18502969154338356,0.19201396563290252,0.6664209091499889,0.7090210422397992,4.0,0
qwen72b_batch,actual,verdict,5,False,,71.0,55.0,0.7406194390593084,False,1.1403425747438658,0.22089288546517383,0.44836718886411775,0.7955892718004669,1.6556179677177172,2.0,0
qwen72b_batch,actual,verdict,6,False,,15.0,14.0,0.3416266259449675,False,1.2226721615470528,-0.03836473615588603,-0.10114029175171536,-0.1381781601376683,-0.3734655176454032,18.0,0
qwen72b_batch,actual,verdict,7,False,,67.0,39.0,0.21937023728040447,False,1.0169723253993,0.18630184020139423,-0.13997554029574033,0.6710028033215341,-0.5168665890600127,5.0,0
qwen72b_batch,null,verdict,0,False,,15.0,14.0,0.35522294661748555,False,0.11476673255294283,-0.023625637843697558,0.08079789061767402,-0.08509239203565175,0.2983501977457418,4.0,0
qwen72b_batch,null,verdict,1,False,,96.0,81.0,0.3121498829948905,False,0.45264212271000187,0.06568111121761006,-0.13772747711382302,0.23656346982212995,-0.5085655048393408,1.0,0
qwen72b_batch,null,verdict,2,False,,57.0,53.0,1.1909843826036381,False,0.6633413074924707,0.025147171426057737,0.0847885873808533,0.09057249517369845,0.31308604244831856,2.0,0
qwen72b_batch,null,verdict,3,False,,159.0,130.0,1.2545325404858656,False,0.3275497362170355,0.2527535453207426,0.15819651858304504,0.9103417189885893,0.5841484504252039,3.0,0
qwen72b_batch,null,verdict,4,False,,57.0,54.0,1.0729280062549822,False,0.4811025452347578,0.5811475873737246,-0.2167080795943366,2.0931175980321695,-0.8002052764720003,4.0,0
qwen72b_batch,null,verdict,5,False,,62.0,26.0,0.34895020341407373,False,0.33935789633013835,-0.15017600602526662,0.1922563236249388,-0.5408884900205692,0.7099159610835527,1.0,0
qwen72b_batch,null,verdict,6,False,,127.0,78.0,0.514412184406528,False,0.2962850989202388,-0.1153765530829029,0.25514861216736734,-0.4155514002036371,0.9421488396880756,2.0,0
qwen72b_batch,null,verdict,7,False,,50.0,37.0,0.5634432138893953,False,0.3607189298934192,0.3334786266856896,-0.2609073572070148,1.2010890129266605,-0.9634132898885898,2.0,0
qwen72b_batch,null,verdict,8,False,,141.0,122.0,0.3776227351274591,False,0.3374214389312417,0.13035618011067757,0.3057660953607322,0.4695034798904624,1.1290563938913376,1.0,0
qwen72b_batch,null,verdict,9,False,,49.0,37.0,0.9001870985077473,False,0.3219972386527244,-0.07868521983333043,0.09201825421096026,-0.2834003305123594,0.3397819439366975,4.0,0
qwen72b_batch,null,verdict,10,False,,225.0,225.0,0.745578168542149,False,0.5153854523548044,0.009809357465829066,-0.5862317167640257,0.035330334639953075,-2.164689539346885,1.0,0
qwen72b_batch,null,verdict,11,False,,49.0,47.0,1.1273571911060076,False,0.5906109885484513,0.38399195817881465,0.39547089873191654,1.3830227340340657,1.4602958064544351,2.0,0
qwen72b_batch,null,verdict,12,False,,52.0,52.0,1.2900025286627155,False,0.4408447531150105,0.007064074704662063,0.4029621561049656,0.02544265759574343,1.4879576439297384,3.0,0
qwen72b_batch,null,verdict,13,False,,15.0,14.0,0.6192613790123372,False,0.4894777663647971,0.37922819717085166,0.12902310030577305,1.3658651096797303,0.47642416399390175,6.0,0
qwen72b_batch,null,verdict,14,False,,150.0,76.0,0.7641401614333861,False,0.3539652253952928,-0.1697355683808081,-0.4896338197647723,-0.6113361096367947,-1.8079970384507555,3.0,0
qwen72b_batch,null,verdict,15,False,,60.0,44.0,0.5141545680849187,False,0.19536679905633073,0.25613005228666774,0.5478246669781579,0.9225028744399861,2.022869612974479,1.0,0
qwen72b_batch,null,verdict,16,False,,130.0,130.0,0.41042114027157106,False,0.2749579672288314,0.05891161136490258,0.029157338188023754,0.2121817816254858,0.10766490990834708,1.0,0
qwen72b_batch,null,verdict,17,False,,60.0,52.0,0.1160095348495547,False,0.483296672129142,0.27944840342379457,-0.026526698866271813,1.00648851282624,-0.09795114441468784,7.0,0
qwen72b_batch,null,verdict,18,False,,40.0,40.0,0.5879683786438227,False,0.24072785958839374,-0.34231798923131634,0.4413127521235334,-1.232925719645602,1.6295691119809095,3.0,0
qwen72b_batch,null,verdict,19,False,,78.0,76.0,0.7924404324647901,False,0.3131454721155025,-0.21869809187488706,0.25275162474278884,-0.787684290023569,0.9332978453533223,2.0,0
qwen72b_batch,null,verdict,20,False,,15.0,15.0,0.37939592704192776,False,0.22271049454136085,-0.1350971001078488,-0.5378975676793035,-0.4865788378417642,-1.9862133090015268,10.0,1
qwen72b_batch,null,verdict,21,False,,26.0,22.0,0.1424348132413244,False,0.5098544442220715,-0.10114050469161072,0.20895452089761024,-0.36427746555837653,0.7715748784168373,6.0,0
qwen72b_batch,null,verdict,22,False,,60.0,33.0,0.7946497631168258,False,0.47587924677529225,-0.06185387944252808,-0.033040998102547146,-0.22277894011879942,-0.12200551576596842,4.0,0
qwen72b_batch,null,verdict,23,False,,45.0,23.0,1.3733742045056259,False,0.3184960443636349,-0.3684487588649442,-0.07039582146122385,-1.3270408376613945,-0.25994004413818056,2.0,0
