ep,q,best_t,nV,dsr,cert,test_t
claude_opus_optimize_naive_,50,1.9088072029435077,0.6336256921381194,0.538649268796994,False,0.5951552969141582
claude_opus_optimize_naive_,100,1.9088072029435077,0.7313066571670808,0.3990769202824163,False,0.5951552969141582
claude_opus_optimize_naive_,200,1.9088072029435077,0.8208309978294093,0.27497669996815655,False,0.5951552969141582
claude_opus_optimize_naive_,300,2.5425535058930304,0.8696829072322215,0.43773501431573725,False,-1.4809363386401297
claude_opus_optimize_naive_,423,2.5425535058930304,0.8778123006160243,0.39424022265594283,False,-1.4809363386401297
claude_opus_optimize_naive_,424,2.5425535058930304,0.8780036234516068,0.39386503954312524,False,-1.4809363386401297
claude_opus_optimize_naive_,430,10.717801144128547,2.1238970960606594,0.9999999999256062,True,-0.6479141528195117
claude_opus_optimize_naive_,440,16.66963191492588,6.47163600972572,1.0,True,-1.0535706614919806
claude_opus_optimize_naive_,450,16.702385795996257,11.965325845368998,0.9999999995044332,True,-1.084708201450978
claude_opus_optimize_naive_,500,16.905528480987503,33.168374937765456,0.2565464346267874,False,-1.030294949552529
claude_opus_optimize_naive_,600,17.201022007249666,56.6630172298264,8.563006439339281e-10,False,-1.1501535172275579
claude_opus_optimize_naive_,800,17.697084592737856,71.22725935663584,1.5200489613639757e-19,False,-0.7452268700365738
claude_opus_optimize_naive_,1000,18.15115308272384,72.17793158555769,1.387099874230741e-20,False,-0.7798015432596643
claude_opus_optimize_naive_,1500,18.816419685852818,63.82270025662608,3.743724577996879e-15,False,-0.856699913558838
claude_opus_optimize_naive_,2000,19.436165313568228,55.21857253972199,1.973310347143121e-09,False,-0.48289499949829473
claude_opus_optimize_naive_,3000,20.20871485978607,43.22438108008185,0.0012546085109835193,False,-0.579477288838182
claude_opus_optimize_naive_,3940,20.669748713989115,36.014824228215446,0.14893395060114262,False,-0.4791282994070948
claude_opus_optimize_naive_,50,2.365137808798971,0.8617386162418268,0.5989613641998487,False,0.6060647618506557
claude_opus_optimize_naive_,100,2.365137808798971,0.7470364504312661,0.5702164710546741,False,0.6060647618506557
claude_opus_optimize_naive_,200,2.694330008599691,0.7500556804655484,0.6186439391339883,False,1.0308770506403009
claude_opus_optimize_naive_,300,2.694330008599691,0.731788289215964,0.5868079031567462,False,1.0308770506403009
claude_opus_optimize_naive_,423,2.694330008599691,0.7711440967823131,0.5234235319973631,False,1.0308770506403009
claude_opus_optimize_naive_,424,2.694330008599691,0.7759253821314912,0.5198889274433232,False,1.0308770506403009
claude_opus_optimize_naive_,430,7.93667942900916,1.4524685251756846,0.9999916283702385,True,-0.0962570805084215
claude_opus_optimize_naive_,440,9.650604431743357,3.2249157712653393,0.9999953787268905,True,-0.40836169810507905
claude_opus_optimize_naive_,450,13.180038828430451,5.767059215923406,0.9999999999786768,True,0.5637950010582427
claude_opus_optimize_naive_,500,13.6215635164913,19.558927169911293,0.551982190480795,False,1.2196623635246098
claude_opus_optimize_naive_,600,14.451911514681612,37.45641935075937,1.324110083156201e-06,False,0.8611585506710779
claude_opus_optimize_naive_,800,15.802949700238186,52.65034502917132,3.806154215495887e-14,False,1.3393270341296653
claude_opus_optimize_naive_,1000,16.8069683652325,57.385504704051954,1.6129229594065122e-15,False,1.3665513435063743
claude_opus_optimize_naive_,1182,17.210431215839453,57.97017836698717,1.3685277489641227e-15,False,1.463200314663818
claude_opus_optimize_naive_,50,2.2332104469006957,0.8745384447400762,0.5419135803098721,False,2.553882878828724
claude_opus_optimize_naive_,100,2.4031623552593997,0.9318810614771478,0.4840698748677929,False,0.03930299359148903
claude_opus_optimize_naive_,200,2.4031623552593997,0.8889845886351344,0.41861833938936466,False,0.03930299359148903
claude_opus_optimize_naive_,300,2.4031623552593997,0.8398881897728945,0.4006100494274699,False,0.03930299359148903
claude_opus_optimize_naive_,423,2.541109046340366,0.9239348263332466,0.36463897681987845,False,0.5306749616102819
claude_opus_optimize_naive_,424,2.541109046340366,0.9221709429429967,0.3654187809096643,False,0.5306749616102819
claude_opus_optimize_naive_,430,6.93414140030282,1.41220367488845,0.9997467637983104,True,0.052082864298577336
claude_opus_optimize_naive_,440,9.411364095026453,2.992500819891621,0.9999969312842045,True,-0.24642852937535872
claude_opus_optimize_naive_,450,10.1779934900296,3.8911041817534255,0.9999973487135979,True,-0.16944012418733256
claude_opus_optimize_naive_,500,10.946138472361579,12.286933349627494,0.6044423815073847,False,-0.9145025976765554
claude_opus_optimize_naive_,600,12.633138964771206,25.362179398860555,0.0006764098600486811,False,-1.2487874750010173
claude_opus_optimize_naive_,800,13.918914888665089,37.6866775451473,1.4557278784791134e-09,False,-0.9240188449086472
claude_opus_optimize_naive_,1000,15.222233907495838,42.57667742173918,2.945241764639876e-10,False,-1.260088810782837
claude_opus_optimize_naive_,1500,16.482365289437624,44.00297292923508,2.126857360144568e-09,False,-0.5218019963024179
claude_opus_optimize_naive_,2000,17.016698533054424,40.836171530226636,1.7333456531098576e-07,False,-0.6641538121469505
claude_opus_optimize_naive_,2232,17.228974819645398,39.05868206906154,2.154201544484867e-06,False,-0.44193857668544945
